producto_id,retailer_id,retailer,retailer_country,categoria_id,category_raw,category_canonical,category_is_imputed,nombre_producto,marca,unidad,product_country,moneda_local,precio_local,precio_usd,precio_usd_clean,fx_local_per_usd,is_imputed_clean,decision,razon_clean,precio_median_group,precio_usd_imputed,imputation_source
8,1,Desconocido,UNKNOWN,3,pan,sin_categoria,True,(Gr a $ 21),$ 10.550,NaN,UNKNOWN,LOCAL,21.0,21.0,,1.0,True,keep_imputed,no_category_detected [precio_usd fuera de rango 1–20],3.705,3.705,median_category_country
9,1,Desconocido,UNKNOWN,3,pan,sin_categoria,True,(Gr a $ 21),20,NaN,UNKNOWN,LOCAL,21.0,21.0,,1.0,True,keep_imputed,no_category_detected [precio_usd fuera de rango 1–20],3.705,3.705,median_category_country
10,1,Desconocido,UNKNOWN,3,pan,sin_categoria,True,(Gr a $ 23),$ 11.600,NaN,UNKNOWN,LOCAL,23.0,23.0,,1.0,True,keep_imputed,no_category_detected [precio_usd fuera de rango 1–20],3.705,3.705,median_category_country
11,1,Desconocido,UNKNOWN,2,cafe,sin_categoria,True,(Gr a $ 29),$ 13.450,NaN,UNKNOWN,LOCAL,29.0,29.0,,1.0,True,keep_imputed,no_category_detected [precio_usd fuera de rango 1–20],3.705,3.705,median_category_country
12,1,Desconocido,UNKNOWN,3,pan,sin_categoria,True,(Gr a $ 34),$ 15.700,NaN,UNKNOWN,LOCAL,34.0,34.0,,1.0,True,keep_imputed,no_category_detected [precio_usd fuera de rango 1–20],3.705,3.705,median_category_country
18,1,Desconocido,UNKNOWN,3,pan,sin_categoria,True,(Gr a $ 45),20,NaN,UNKNOWN,LOCAL,45.0,45.0,,1.0,True,keep_imputed,no_category_detected [precio_usd fuera de rango 1–20],3.705,3.705,median_category_country
19,1,Desconocido,UNKNOWN,2,cafe,sin_categoria,True,(Gr a $ 46),$ 7.635,NaN,UNKNOWN,LOCAL,46.0,46.0,,1.0,True,keep_imputed,no_category_detected [precio_usd fuera de rango 1–20],3.705,3.705,median_category_country
20,1,Desconocido,UNKNOWN,3,pan,sin_categoria,True,(Gr a $ 47),20,NaN,UNKNOWN,LOCAL,47.0,47.0,,1.0,True,keep_imputed,no_category_detected [precio_usd fuera de rango 1–20],3.705,3.705,median_category_country
21,1,Desconocido,UNKNOWN,2,cafe,sin_categoria,True,(Gr a $ 65),$ 18.100,NaN,UNKNOWN,LOCAL,65.0,65.0,,1.0,True,keep_imputed,no_category_detected [precio_usd fuera de rango 1–20],3.705,3.705,median_category_country
22,1,Desconocido,UNKNOWN,2,cafe,sin_categoria,True,(Gr a $ 68),$ 14.400,NaN,UNKNOWN,LOCAL,68.0,68.0,,1.0,True,keep_imputed,no_category_detected [precio_usd fuera de rango 1–20],3.705,3.705,median_category_country
24,1,Desconocido,UNKNOWN,3,pan,sin_categoria,True,(Gr a $ 90),$ 21.600,NaN,UNKNOWN,LOCAL,90.0,90.0,,1.0,True,keep_imputed,no_category_detected [precio_usd fuera de rango 1–20],3.705,3.705,median_category_country
30,1,Desconocido,UNKNOWN,1,azucar,sin_categoria,True,(Und a $ 544),20,NaN,UNKNOWN,LOCAL,544.0,544.0,,1.0,True,keep_imputed,no_category_detected [precio_usd fuera de rango 1–20],3.705,3.705,median_category_country
31,1,Desconocido,UNKNOWN,3,pan,sin_categoria,True,(Und a $ 750),$ 24.500,NaN,UNKNOWN,LOCAL,750.0,750.0,,1.0,True,keep_imputed,no_category_detected [precio_usd fuera de rango 1–20],3.705,3.705,median_category_country
32,1,Desconocido,UNKNOWN,3,pan,sin_categoria,True,+595994 874276,Selecciona método de entrega,580 GR,UNKNOWN,LOCAL,234.19,234.1938,,1.0,True,keep_imputed,no_category_detected;price_parse_failed [precio_usd fuera de rango 1–20],3.705,3.705,median_category_country
33,1,Desconocido,UNKNOWN,3,pan,sin_categoria,True,+595994 874276,Selecciona método de entrega,700 GR,UNKNOWN,LOCAL,234.19,234.1938,,1.0,True,keep_imputed,no_category_detected;price_parse_failed [precio_usd fuera de rango 1–20],3.705,3.705,median_category_country
34,1,Desconocido,UNKNOWN,2,cafe,sin_categoria,True,+595994 874276,Selecciona método de entrega,400 GR,UNKNOWN,LOCAL,400.0,400.0,,1.0,True,keep_imputed,no_category_detected [precio_usd fuera de rango 1–20],3.705,3.705,median_category_country
35,1,Desconocido,UNKNOWN,6,papa,sin_categoria,True,+595994 874276,Selecciona método de entrega,1 LT,UNKNOWN,LOCAL,234.19,234.1938,,1.0,True,keep_imputed,no_category_detected;price_parse_failed [precio_usd fuera de rango 1–20],3.705,3.705,median_category_country
37,1,Desconocido,UNKNOWN,2,cafe,sin_categoria,True,+595994 874276,Selecciona método de entrega,250 GR,UNKNOWN,LOCAL,234.19,234.1938,,1.0,True,keep_imputed,no_category_detected;price_parse_failed [precio_usd fuera de rango 1–20],3.705,3.705,median_category_country
38,1,Desconocido,UNKNOWN,2,cafe,sin_categoria,True,+595994 874276,Selecciona método de entrega,120 GR,UNKNOWN,LOCAL,234.19,234.1938,,1.0,True,keep_imputed,no_category_detected;price_parse_failed [precio_usd fuera de rango 1–20],3.705,3.705,median_category_country
40,2,Chedraui,MX,7,aceite vegetal,aceite vegetal,False,Aceites y vinagres,Nutrioli,700ml,MX,LOCAL,33.3,1.7884,1.7884,18.62,True,keep_imputed,price_parse_failed;price<=0,1.8743,1.7884,median_category_country
42,2,Chedraui,MX,7,aceite vegetal,aceite vegetal,False,Aceites y vinagres,Patrona,1 L,MX,LOCAL,33.3,1.7884,1.7884,18.62,True,keep_imputed,price_parse_failed;price<=0,1.8743,1.7884,median_category_country
44,1,Desconocido,UNKNOWN,9,frijoles,frijoles,False,Alimentos básicos,Frijoles,1 Kg,UNKNOWN,LOCAL,1.02,1.02,1.02,1.0,True,keep_imputed,price_parse_failed;price<=0,,1.02,median_category_country
45,1,Desconocido,UNKNOWN,9,frijoles,frijoles,False,Alimentos básicos,Frijoles,1Kg,UNKNOWN,LOCAL,1.02,1.02,1.02,1.0,True,keep_imputed,price_parse_failed;price<=0,,1.02,median_category_country
46,1,Desconocido,UNKNOWN,9,frijoles,frijoles,False,Alimentos básicos,Frijoles,1 kg,UNKNOWN,LOCAL,1.02,1.02,1.02,1.0,True,keep_imputed,price_parse_failed;price<=0,,1.02,median_category_country
51,3,Desconocido,BR,9,frijoles,frijoles,False,Alimentos básicos,Frijoles,1 Kg,BR,LOCAL,5.29,0.971,,5.448,True,keep,heuristic_default [precio_usd fuera de rango 1–20],1.2647,1.2647,median_category_country
52,3,Desconocido,BR,9,frijoles,frijoles,False,Alimentos básicos,Frijoles,1Kg,BR,LOCAL,4.49,0.8242,,5.448,True,keep,heuristic_default [precio_usd fuera de rango 1–20],1.2647,1.2647,median_category_country
56,1,Desconocido,UNKNOWN,12,cebolla,cebolla,False,ARROZ DIANA 500 G,Unidades disponibles,500 G,UNKNOWN,LOCAL,500.0,500.0,,1.0,True,keep,heuristic_default [precio_usd fuera de rango 1–20],1.69,1.69,median_category_country
57,1,Desconocido,UNKNOWN,13,azucar,azucar,False,ARROZ ESTÁNDAR ALBAR 500 GRS,Unidades disponibles,500 g,UNKNOWN,LOCAL,500.0,500.0,,1.0,True,keep,heuristic_default [precio_usd fuera de rango 1–20],2.77,2.77,median_category_country
65,2,Chedraui,MX,10,arroz,arroz,False,Arroz SOS Super Extra Rojo 900g,SOS,900g,MX,LOCAL,20.4,1.0956,1.0956,18.62,True,keep_imputed,price_parse_failed;price<=0,1.0956,1.0956,median_category_country
66,2,Chedraui,MX,10,arroz,arroz,False,Arroz Super Extra Chedraui 900g,Chedraui,900g,MX,LOCAL,20.4,1.0956,1.0956,18.62,True,keep_imputed,price_parse_failed;price<=0,1.0956,1.0956,median_category_country
67,2,Chedraui,MX,10,arroz,arroz,False,Arroz Verde Valle Super Extra 900g,Verde Valle,900g,MX,LOCAL,20.4,1.0956,1.0956,18.62,True,keep_imputed,price_parse_failed;price<=0,1.0956,1.0956,median_category_country
68,5,Desconocido,CO,2,cafe,sin_categoria,True,Asesoramos tu compra WEB: 📞(601) 6672004 -,"Otras Ciudades clic aquí,",NaN,CO,LOCAL,25.0,0.0062,,4047.0,True,keep_imputed,no_category_detected [precio_usd fuera de rango 1–20],,2.885,global_median
69,5,Desconocido,CO,14,cafe,cafe,False,"ASESORAMOS TU COMPRA: 📞(601) 6672004, lun a sab de 7am.a 7pm dom hasta las 6pm",otras ciudades consulta aquí,NaN,CO,LOCAL,9.6,0.0024,,4047.0,True,keep,heuristic_default [precio_usd fuera de rango 1–20],,2.885,global_median
70,5,Desconocido,CO,14,cafe,cafe,False,"ASESORAMOS TU COMPRA: 📞(601) 6672004, lun a sab de 7am.a 7pm dom hasta las 6pm",otras ciudades consulta aquí,500gr,CO,LOCAL,1.69,0.0004,,4047.0,True,keep_imputed,no_category_detected [precio_usd fuera de rango 1–20],,2.885,global_median
71,5,Desconocido,CO,14,cafe,cafe,False,"ASESORAMOS TU COMPRA: 📞(601) 6672004, lun a sab de 7am.a 7pm dom hasta las 6pm",otras ciudades consulta aquí,480G,CO,LOCAL,8.19,0.002,,4047.0,True,keep,heuristic_default [precio_usd fuera de rango 1–20],,2.885,global_median
72,5,Desconocido,CO,15,pan,pan,False,"ASESORAMOS TU COMPRA: 📞(601) 6672004, lun a sab de 7am.a 7pm dom hasta las 6pm",otras ciudades consulta aquí,750 g,CO,LOCAL,7.63,0.0019,,4047.0,True,keep,heuristic_default [precio_usd fuera de rango 1–20],,2.885,global_median
73,5,Desconocido,CO,14,cafe,cafe,False,"ASESORAMOS TU COMPRA: 📞(601) 6672004, lun a sab de 7am.a 7pm dom hasta las 6pm",otras ciudades consulta aquí,460 g,CO,LOCAL,10.55,0.0026,,4047.0,True,keep,heuristic_default [precio_usd fuera de rango 1–20],,2.885,global_median
74,5,Desconocido,CO,2,cafe,sin_categoria,True,"ASESORAMOS TU COMPRA: 📞(601) 6672004, lun a sab de 7am.a 7pm dom hasta las 6pm",otras ciudades consulta aquí,550 g,CO,LOCAL,6.89,0.0017,,4047.0,True,keep_imputed,no_category_detected [precio_usd fuera de rango 1–20],,2.885,global_median
75,5,Desconocido,CO,14,cafe,cafe,False,"ASESORAMOS TU COMPRA: 📞(601) 6672004, lun a sab de 7am.a 7pm dom hasta las 6pm",otras ciudades consulta aquí,1000 gr,CO,LOCAL,19.49,0.0048,,4047.0,True,keep,heuristic_default [precio_usd fuera de rango 1–20],,2.885,global_median
76,5,Desconocido,CO,14,cafe,cafe,False,"ASESORAMOS TU COMPRA: 📞(601) 6672004, lun a sab de 7am.a 7pm dom hasta las 6pm",otras ciudades consulta aquí,500 gr,CO,LOCAL,1.84,0.0005,,4047.0,True,keep,heuristic_default [precio_usd fuera de rango 1–20],,2.885,global_median
77,5,Desconocido,CO,14,cafe,cafe,False,"ASESORAMOS TU COMPRA: 📞(601) 6672004, lun a sab de 7am.a 7pm dom hasta las 6pm",otras ciudades consulta aquí,200 gr,CO,LOCAL,11.98,0.003,,4047.0,True,keep,heuristic_default [precio_usd fuera de rango 1–20],,2.885,global_median
78,5,Desconocido,CO,14,cafe,cafe,False,"ASESORAMOS TU COMPRA: 📞(601) 6672004, lun a sab de 7am.a 7pm dom hasta las 6pm",otras ciudades consulta aquí,1000gr,CO,LOCAL,17.99,0.0044,,4047.0,True,keep,heuristic_default [precio_usd fuera de rango 1–20],,2.885,global_median
79,5,Desconocido,CO,14,cafe,cafe,False,"ASESORAMOS TU COMPRA: 📞(601) 6672004, lun a sab de 7am.a 7pm dom hasta las 6pm",otras ciudades consulta aquí,2500gr,CO,LOCAL,4.99,0.0012,,4047.0,True,keep,heuristic_default [precio_usd fuera de rango 1–20],,2.885,global_median
80,5,Desconocido,CO,14,cafe,cafe,False,"ASESORAMOS TU COMPRA: 📞(601) 6672004, lun a sab de 7am.a 7pm dom hasta las 6pm",otras ciudades consulta aquí,70g,CO,LOCAL,70.0,0.0173,,4047.0,True,keep,heuristic_default [precio_usd fuera de rango 1–20],,2.885,global_median
81,5,Desconocido,CO,14,cafe,cafe,False,"ASESORAMOS TU COMPRA: 📞(601) 6672004, lun a sab de 7am.a 7pm dom hasta las 6pm",otras ciudades consulta aquí,5kg,CO,LOCAL,10.89,0.0027,,4047.0,True,keep,heuristic_default [precio_usd fuera de rango 1–20],,2.885,global_median
82,1,Desconocido,UNKNOWN,17,leche,leche,False,AZÚCAR BLANCA 1000 GRS,Unidades disponibles,1000 g,UNKNOWN,LOCAL,1000.0,1000.0,,1.0,True,keep,heuristic_default [precio_usd fuera de rango 1–20],1.11,1.11,median_category_country
84,1,Desconocido,UNKNOWN,14,cafe,cafe,False,AZÚCAR MORENA 1000 GRS,Unidades disponibles,1000 g,UNKNOWN,LOCAL,1000.0,1000.0,,1.0,True,keep,heuristic_default [precio_usd fuera de rango 1–20],6.2,6.2,median_category_country
85,3,Desconocido,BR,13,azucar,azucar,False,Azúcar y Adoçante,Azúcar,1kg,BR,LOCAL,3.99,0.7324,,5.448,True,keep,heuristic_default [precio_usd fuera de rango 1–20],1.8061500000000001,1.8061500000000001,median_category_country
87,3,Desconocido,BR,13,azucar,azucar,False,Azúcar y Adoçante,Azúcar,500g,BR,LOCAL,4.99,0.9159,,5.448,True,keep,heuristic_default [precio_usd fuera de rango 1–20],1.8061500000000001,1.8061500000000001,median_category_country
89,2,Chedraui,MX,13,azucar,azucar,False,Azúcar Zulka Glass 500g,Zulka,500g,MX,LOCAL,42.75,2.296,2.296,18.62,True,keep_imputed,price_parse_failed;price<=0,2.29595,2.296,median_category_country
91,1,Desconocido,UNKNOWN,6,papa,sin_categoria,True,Bebidas Sin Alcohol,Gaseosas,2.25 L,UNKNOWN,LOCAL,1265.6,1265.6,,1.0,True,keep_imputed,no_category_detected [precio_usd fuera de rango 1–20],3.705,3.705,median_category_country
92,1,Desconocido,UNKNOWN,6,papa,sin_categoria,True,Bebidas Sin Alcohol,Gaseosas,2l,UNKNOWN,LOCAL,3450.0,3450.0,,1.0,True,keep_imputed,no_category_detected [precio_usd fuera de rango 1–20],3.705,3.705,median_category_country
95,1,Desconocido,UNKNOWN,18,huevo,huevo,False,BUSCAR PRODUCTOS,Ingresa,30 piezas,UNKNOWN,LOCAL,443.0,443.0,,1.0,True,keep_imputed,heuristic_default [precio_usd fuera de rango 1–20],5.19,5.19,median_category_country
96,1,Desconocido,UNKNOWN,2,cafe,sin_categoria,True,BUSCAR PRODUCTOS,Ingresa,NaN,UNKNOWN,LOCAL,443.0,443.0,,1.0,True,keep_imputed,no_category_detected [precio_usd fuera de rango 1–20],3.705,3.705,median_category_country
97,1,Desconocido,UNKNOWN,19,harina de trigo,harina de trigo,False,BUSCAR PRODUCTOS,Ingresa,1 KG,UNKNOWN,LOCAL,443.0,443.0,,1.0,True,keep,heuristic_default [precio_usd fuera de rango 1–20],2.12,2.12,median_category_country
98,1,Desconocido,UNKNOWN,2,cafe,sin_categoria,True,BUSCAR PRODUCTOS,Ingresa,100.00 g,UNKNOWN,LOCAL,443.0,443.0,,1.0,True,keep_imputed,no_category_detected [precio_usd fuera de rango 1–20],3.705,3.705,median_category_country
99,1,Desconocido,UNKNOWN,2,cafe,sin_categoria,True,BUSCAR PRODUCTOS,Ingresa,100.00 ml,UNKNOWN,LOCAL,443.0,443.0,,1.0,True,keep_imputed,no_category_detected [precio_usd fuera de rango 1–20],3.705,3.705,median_category_country
100,1,Desconocido,UNKNOWN,13,azucar,azucar,False,BUSCAR PRODUCTOS,Ingresa,800 ML,UNKNOWN,LOCAL,443.0,443.0,,1.0,True,keep,heuristic_default [precio_usd fuera de rango 1–20],2.77,2.77,median_category_country
101,1,Desconocido,UNKNOWN,2,cafe,sin_categoria,True,BUSCAR PRODUCTOS,Ingresa,240.00 g,UNKNOWN,LOCAL,443.0,443.0,,1.0,True,keep_imputed,no_category_detected [precio_usd fuera de rango 1–20],3.705,3.705,median_category_country
102,2,Chedraui,MX,14,cafe,cafe,False,Cafe y te,Café Nescafé Clásico 300g,300g,MX,LOCAL,114.48,6.1484,6.1484,18.62,True,keep_imputed,price_parse_failed;price<=0,6.63265,6.1484,median_category_country
110,1,Desconocido,UNKNOWN,12,cebolla,cebolla,False,Cebolla Blanca  1  und,(,NaN,UNKNOWN,LOCAL,680.98,680.985,,1.0,True,keep_imputed,price_parse_failed;price<=0 [precio_usd fuera de rango 1–20],1.69,1.69,median_category_country
111,1,Desconocido,UNKNOWN,12,cebolla,cebolla,False,CEBOLLA CABEZONA X 1000G,Unidades disponibles,1000G,UNKNOWN,LOCAL,1000.0,1000.0,,1.0,True,keep,heuristic_default [precio_usd fuera de rango 1–20],1.69,1.69,median_category_country
112,6,Desconocido,PE,20,arroz,sin_categoria,True,Centro de preferencia de la privacidad,Activas siempre,750g,PE,LOCAL,55.14,15.5336,15.5336,3.55,True,keep_imputed,no_category_detected;price_parse_failed,4.7662,15.5336,median_category_country
113,6,Desconocido,PE,20,arroz,sin_categoria,True,Centro de preferencia de la privacidad,Activas siempre,5Kg,PE,LOCAL,55.14,15.5336,15.5336,3.55,True,keep_imputed,no_category_detected;price_parse_failed,4.7662,15.5336,median_category_country
114,6,Desconocido,PE,8,huevo,sin_categoria,True,Centro de preferencia de la privacidad,Activas siempre,8 Piezas,PE,LOCAL,55.14,15.5336,15.5336,3.55,True,keep_imputed,no_category_detected;price_parse_failed,4.7662,15.5336,median_category_country
115,6,Desconocido,PE,4,aceite vegetal,sin_categoria,True,Centro de preferencia de la privacidad,Activas siempre,1.4Kg,PE,LOCAL,55.14,15.5336,15.5336,3.55,True,keep_imputed,no_category_detected;price_parse_failed,4.7662,15.5336,median_category_country
116,6,Desconocido,PE,1,azucar,sin_categoria,True,Centro de preferencia de la privacidad,Activas siempre,1Kg,PE,LOCAL,55.14,15.5336,15.5336,3.55,True,keep_imputed,no_category_detected;price_parse_failed,4.7662,15.5336,median_category_country
117,6,Desconocido,PE,2,cafe,sin_categoria,True,Centro de preferencia de la privacidad,Activas siempre,200g,PE,LOCAL,55.14,15.5336,15.5336,3.55,True,keep_imputed,no_category_detected;price_parse_failed,4.7662,15.5336,median_category_country
118,6,Desconocido,PE,2,cafe,sin_categoria,True,Centro de preferencia de la privacidad,Activas siempre,190g,PE,LOCAL,55.14,15.5336,15.5336,3.55,True,keep_imputed,no_category_detected;price_parse_failed,4.7662,15.5336,median_category_country
119,6,Desconocido,PE,2,cafe,sin_categoria,True,Centro de preferencia de la privacidad,Activas siempre,170g,PE,LOCAL,55.14,15.5336,15.5336,3.55,True,keep_imputed,no_category_detected;price_parse_failed,4.7662,15.5336,median_category_country
120,6,Desconocido,PE,2,cafe,sin_categoria,True,Centro de preferencia de la privacidad,Activas siempre,850g,PE,LOCAL,55.14,15.5336,15.5336,3.55,True,keep_imputed,no_category_detected;price_parse_failed,4.7662,15.5336,median_category_country
121,6,Desconocido,PE,4,aceite vegetal,sin_categoria,True,Centro de preferencia de la privacidad,Activas siempre,900ml,PE,LOCAL,55.14,15.5336,15.5336,3.55,True,keep_imputed,no_category_detected;price_parse_failed,4.7662,15.5336,median_category_country
122,6,Desconocido,PE,4,aceite vegetal,sin_categoria,True,Centro de preferencia de la privacidad,Activas siempre,500ml,PE,LOCAL,55.14,15.5336,15.5336,3.55,True,keep_imputed,no_category_detected;price_parse_failed,4.7662,15.5336,median_category_country
123,6,Desconocido,PE,4,aceite vegetal,sin_categoria,True,Centro de preferencia de la privacidad,Activas siempre,1L,PE,LOCAL,55.14,15.5336,15.5336,3.55,True,keep_imputed,no_category_detected;price_parse_failed,4.7662,15.5336,median_category_country
124,6,Desconocido,PE,5,leche,sin_categoria,True,Centro de preferencia de la privacidad,Activas siempre,946ml,PE,LOCAL,55.14,15.5336,15.5336,3.55,True,keep_imputed,no_category_detected;price_parse_failed,4.7662,15.5336,median_category_country
125,6,Desconocido,PE,5,leche,sin_categoria,True,Centro de preferencia de la privacidad,Activas siempre,800ml,PE,LOCAL,55.14,15.5336,15.5336,3.55,True,keep_imputed,no_category_detected;price_parse_failed,4.7662,15.5336,median_category_country
126,6,Desconocido,PE,8,huevo,sin_categoria,True,Centro de preferencia de la privacidad,Activas siempre,500g,PE,LOCAL,55.14,15.5336,15.5336,3.55,True,keep_imputed,no_category_detected;price_parse_failed,4.7662,15.5336,median_category_country
127,6,Desconocido,PE,1,azucar,sin_categoria,True,Centro de preferencia de la privacidad,Activas siempre,2Kg,PE,LOCAL,55.14,15.5336,15.5336,3.55,True,keep_imputed,no_category_detected;price_parse_failed,4.7662,15.5336,median_category_country
128,6,Desconocido,PE,3,pan,sin_categoria,True,Centro de preferencia de la privacidad,Activas siempre,810g,PE,LOCAL,600.0,169.0141,,3.55,True,keep_imputed,no_category_detected [precio_usd fuera de rango 1–20],4.7662,4.7662,median_category_country
129,6,Desconocido,PE,3,pan,sin_categoria,True,Centro de preferencia de la privacidad,Activas siempre,780g,PE,LOCAL,55.14,15.5336,15.5336,3.55,True,keep_imputed,no_category_detected;price_parse_failed,4.7662,15.5336,median_category_country
130,6,Desconocido,PE,3,pan,sin_categoria,True,Centro de preferencia de la privacidad,Activas siempre,560g,PE,LOCAL,55.14,15.5336,15.5336,3.55,True,keep_imputed,no_category_detected;price_parse_failed,4.7662,15.5336,median_category_country
131,6,Desconocido,PE,8,huevo,sin_categoria,True,Centro de preferencia de la privacidad,Activas siempre,450g,PE,LOCAL,55.14,15.5336,15.5336,3.55,True,keep_imputed,no_category_detected;price_parse_failed,4.7662,15.5336,median_category_country
132,6,Desconocido,PE,21,atun,sin_categoria,True,Centro de preferencia de la privacidad,Activas siempre,140g,PE,LOCAL,55.14,15.5336,15.5336,3.55,True,keep_imputed,no_category_detected;price_parse_failed,4.7662,15.5336,median_category_country
133,6,Desconocido,PE,21,atun,sin_categoria,True,Centro de preferencia de la privacidad,Activas siempre,150g,PE,LOCAL,55.14,15.5336,15.5336,3.55,True,keep_imputed,no_category_detected;price_parse_failed,4.7662,15.5336,median_category_country
134,6,Desconocido,PE,21,atun,sin_categoria,True,Centro de preferencia de la privacidad,Activas siempre,150gr,PE,LOCAL,55.14,15.5336,15.5336,3.55,True,keep_imputed,no_category_detected;price_parse_failed,4.7662,15.5336,median_category_country
135,1,Desconocido,UNKNOWN,22,cerveza,cerveza,False,Cerveja Praya Witbier 600ml,Descripción,600ml,UNKNOWN,LOCAL,127.27,127.2675,,1.0,True,keep_imputed,price_parse_failed;price<=0 [precio_usd fuera de rango 1–20],4.0,4.0,median_category_country
138,3,Desconocido,BR,23,cerveza,sin_categoria,True,Cervejas Tradicionais,de,350ml,BR,LOCAL,3.99,0.7324,,5.448,True,keep_imputed,no_category_detected [precio_usd fuera de rango 1–20],1.9805,1.9805,median_category_country
140,3,Desconocido,BR,23,cerveza,sin_categoria,True,Cervejas Tradicionais,"R$ 5,19",330ml,BR,LOCAL,5.19,0.9526,,5.448,True,keep_imputed,no_category_detected [precio_usd fuera de rango 1–20],1.9805,1.9805,median_category_country
142,3,Desconocido,BR,23,cerveza,sin_categoria,True,Cervejas Tradicionais,"R$ 3,99",350ml,BR,LOCAL,3.99,0.7324,,5.448,True,keep_imputed,no_category_detected [precio_usd fuera de rango 1–20],1.9805,1.9805,median_category_country
150,4,Desconocido,US,22,cerveza,cerveza,False,CERVEZA PILSENER LATA 355 ML,Comparar,355 ML,US,LOCAL,0.99,0.99,,1.0,True,keep,heuristic_default [precio_usd fuera de rango 1–20],1.19,1.19,median_category_country
152,1,Desconocido,UNKNOWN,22,cerveza,cerveza,False,"Cervezas, vinos y licores",Cervezas,330 ml,UNKNOWN,LOCAL,990.0,990.0,,1.0,True,keep,heuristic_default [precio_usd fuera de rango 1–20],4.0,4.0,median_category_country
154,4,Desconocido,US,23,cerveza,sin_categoria,True,COLA FANTA 500 ML NARANJA,Comparar,500 ML,US,LOCAL,0.49,0.49,,1.0,True,keep_imputed,no_category_detected [precio_usd fuera de rango 1–20],12.0,12.0,median_category_country
179,7,Desconocido,AR,14,cafe,cafe,False,DALE VIDA A TU JARDIN,🌷🌻​🌼​,1L,AR,LOCAL,1145.45,0.9127,,1255.0,True,keep,heuristic_default [precio_usd fuera de rango 1–20],1.91695,1.91695,median_category_country
180,7,Desconocido,AR,14,cafe,cafe,False,DALE VIDA A TU JARDIN,🌷🌻​🌼​,NaN,AR,LOCAL,904.07,0.7204,,1255.0,True,keep,heuristic_default [precio_usd fuera de rango 1–20],1.91695,1.91695,median_category_country
187,7,Desconocido,AR,14,cafe,cafe,False,DALE VIDA A TU JARDIN,🌷🌻​🌼​,800 GR,AR,LOCAL,800.0,0.6375,,1255.0,True,keep,heuristic_default [precio_usd fuera de rango 1–20],1.91695,1.91695,median_category_country
188,7,Desconocido,AR,14,cafe,cafe,False,DALE VIDA A TU JARDIN,🌷🌻​🌼​,450G,AR,LOCAL,450.0,0.3586,,1255.0,True,keep,heuristic_default [precio_usd fuera de rango 1–20],1.91695,1.91695,median_category_country
189,7,Desconocido,AR,14,cafe,cafe,False,DALE VIDA A TU JARDIN,🌷🌻​🌼​,250 GR,AR,LOCAL,250.0,0.1992,,1255.0,True,keep,heuristic_default [precio_usd fuera de rango 1–20],1.91695,1.91695,median_category_country
190,7,Desconocido,AR,14,cafe,cafe,False,DALE VIDA A TU JARDIN,🌷🌻​🌼​,250 G,AR,LOCAL,250.0,0.1992,,1255.0,True,keep,heuristic_default [precio_usd fuera de rango 1–20],1.91695,1.91695,median_category_country
200,1,Desconocido,UNKNOWN,5,leche,sin_categoria,True,Descripción del producto,MARCA,1l,UNKNOWN,LOCAL,50.0,50.0,,1.0,True,keep_imputed,no_category_detected [precio_usd fuera de rango 1–20],3.705,3.705,median_category_country
201,1,Desconocido,UNKNOWN,5,leche,sin_categoria,True,Descripción del producto,MARCA,610g,UNKNOWN,LOCAL,6550.0,6550.0,,1.0,True,keep_imputed,no_category_detected [precio_usd fuera de rango 1–20],3.705,3.705,median_category_country
202,1,Desconocido,UNKNOWN,5,leche,sin_categoria,True,Descripción del producto,MARCA,550g,UNKNOWN,LOCAL,600.0,600.0,,1.0,True,keep_imputed,no_category_detected [precio_usd fuera de rango 1–20],3.705,3.705,median_category_country
203,1,Desconocido,UNKNOWN,3,pan,sin_categoria,True,Descripción del producto,MARCA,1kg,UNKNOWN,LOCAL,1312.0,1312.0,,1.0,True,keep_imputed,no_category_detected [precio_usd fuera de rango 1–20],3.705,3.705,median_category_country
204,1,Desconocido,UNKNOWN,1,azucar,sin_categoria,True,Descripción del producto,MARCA,1 Kg,UNKNOWN,LOCAL,1299.0,1299.0,,1.0,True,keep_imputed,no_category_detected [precio_usd fuera de rango 1–20],3.705,3.705,median_category_country
205,1,Desconocido,UNKNOWN,13,azucar,azucar,False,Descripción del producto,Azúcar Cristal Uniao 1kg,1kg,UNKNOWN,LOCAL,990.0,990.0,,1.0,True,keep,heuristic_default [precio_usd fuera de rango 1–20],2.77,2.77,median_category_country
206,1,Desconocido,UNKNOWN,1,azucar,sin_categoria,True,Descripción del producto,MARCA,800g,UNKNOWN,LOCAL,1699.0,1699.0,,1.0,True,keep_imputed,no_category_detected [precio_usd fuera de rango 1–20],3.705,3.705,median_category_country
207,1,Desconocido,UNKNOWN,13,azucar,azucar,False,Descripción del producto,Azúcar AZUCEL 1kg,1kg,UNKNOWN,LOCAL,4399.0,4399.0,,1.0,True,keep,heuristic_default [precio_usd fuera de rango 1–20],2.77,2.77,median_category_country
211,1,Desconocido,UNKNOWN,17,leche,leche,False,El almacenamiento local parece estar deshabilitado en tu navegador.,Aprende,900 ML,UNKNOWN,LOCAL,0.89,0.89,,1.0,True,keep,heuristic_default [precio_usd fuera de rango 1–20],1.11,1.11,median_category_country
222,1,Desconocido,UNKNOWN,23,cerveza,sin_categoria,True,El almacenamiento local parece estar deshabilitado en tu navegador.,Aprende,350G,UNKNOWN,LOCAL,350.0,350.0,,1.0,True,keep_imputed,no_category_detected [precio_usd fuera de rango 1–20],3.705,3.705,median_category_country
226,1,Desconocido,UNKNOWN,23,cerveza,sin_categoria,True,El almacenamiento local parece estar deshabilitado en tu navegador.,Aprende,200G,UNKNOWN,LOCAL,0.41,0.41,,1.0,True,keep_imputed,no_category_detected [precio_usd fuera de rango 1–20],3.705,3.705,median_category_country
228,7,Desconocido,AR,14,cafe,cafe,False,Elegí tu envío,"Hola, Limpía tú cache",1 Lt,AR,LOCAL,1.38,0.0011,,1255.0,True,keep,heuristic_default [precio_usd fuera de rango 1–20],1.91695,1.91695,median_category_country
229,7,Desconocido,AR,2,cafe,sin_categoria,True,Elegí tu envío,"Hola, Limpía tú cache",NaN,AR,LOCAL,1663.58,1.3256,1.3256,1255.0,True,keep_imputed,no_category_detected;price_parse_failed,,1.3256,median_category_country
230,7,Desconocido,AR,17,leche,leche,False,Elegí tu envío,"Hola, Limpía tú cache",400 Gr,AR,LOCAL,400.0,0.3187,,1255.0,True,keep_imputed,no_category_detected [precio_usd fuera de rango 1–20],,2.885,global_median
231,7,Desconocido,AR,17,leche,leche,False,Elegí tu envío,"Hola, Limpía tú cache",610 Gr,AR,LOCAL,6.43,0.0051,,1255.0,True,keep,heuristic_default [precio_usd fuera de rango 1–20],,2.885,global_median
232,7,Desconocido,AR,2,cafe,sin_categoria,True,Elegí tu envío,"Hola, Limpía tú cache",600 Gr,AR,LOCAL,3.49,0.0028,,1255.0,True,keep_imputed,no_category_detected [precio_usd fuera de rango 1–20],,2.885,global_median
233,7,Desconocido,AR,14,cafe,cafe,False,Elegí tu envío,"Hola, Limpía tú cache",1 Kg,AR,LOCAL,4.69,0.0037,,1255.0,True,keep_imputed,no_category_detected [precio_usd fuera de rango 1–20],1.91695,1.91695,median_category_country
234,7,Desconocido,AR,2,cafe,sin_categoria,True,Elegí tu envío,"Hola, Limpía tú cache",500 Gr,AR,LOCAL,3.19,0.0025,,1255.0,True,keep_imputed,no_category_detected [precio_usd fuera de rango 1–20],,2.885,global_median
235,7,Desconocido,AR,2,cafe,sin_categoria,True,Elegí tu envío,"Hola, Limpía tú cache",800 Gr,AR,LOCAL,3.0,0.0024,,1255.0,True,keep_imputed,no_category_detected [precio_usd fuera de rango 1–20],,2.885,global_median
236,7,Desconocido,AR,14,cafe,cafe,False,Elegí tu envío,"Hola, Limpía tú cache",250 Gr,AR,LOCAL,250.0,0.1992,,1255.0,True,keep,heuristic_default [precio_usd fuera de rango 1–20],1.91695,1.91695,median_category_country
237,7,Desconocido,AR,2,cafe,sin_categoria,True,Elegí tu envío,"Hola, Limpía tú cache",2.25 Lt,AR,LOCAL,4.6,0.0037,,1255.0,True,keep_imputed,no_category_detected [precio_usd fuera de rango 1–20],,2.885,global_median
238,7,Desconocido,AR,2,cafe,sin_categoria,True,Elegí tu envío,"Hola, Limpía tú cache","2,25 Lt",AR,LOCAL,1.5,0.0012,,1255.0,True,keep_imputed,no_category_detected [precio_usd fuera de rango 1–20],,2.885,global_median
253,1,Desconocido,UNKNOWN,8,huevo,sin_categoria,True,Elige un método de entrega,Unimarc,400 g,UNKNOWN,LOCAL,490.0,490.0,,1.0,True,keep_imputed,no_category_detected [precio_usd fuera de rango 1–20],3.705,3.705,median_category_country
255,1,Desconocido,UNKNOWN,5,leche,sin_categoria,True,"Este gato no debería estar en esta caja, ni tú en esta página",Live Chat,NaN,UNKNOWN,LOCAL,234.19,234.1938,,1.0,True,keep_imputed,no_category_detected;price_parse_failed [precio_usd fuera de rango 1–20],3.705,3.705,median_category_country
263,2,Chedraui,MX,12,cebolla,cebolla,False,Frutas y verduras,Verduras,NaN,MX,LOCAL,12679.94,680.985,,18.62,True,keep_imputed,price_parse_failed;price<=0 [precio_usd fuera de rango 1–20],,2.885,global_median
264,1,Desconocido,UNKNOWN,6,papa,sin_categoria,True,Frutas Y Verduras,Verduras,2.25 L,UNKNOWN,LOCAL,2300.0,2300.0,,1.0,True,keep_imputed,no_category_detected [precio_usd fuera de rango 1–20],3.705,3.705,median_category_country
265,1,Desconocido,UNKNOWN,6,papa,sin_categoria,True,Frutas Y Verduras,Verduras,500g,UNKNOWN,LOCAL,599.0,599.0,,1.0,True,keep_imputed,no_category_detected [precio_usd fuera de rango 1–20],3.705,3.705,median_category_country
266,1,Desconocido,UNKNOWN,6,papa,sin_categoria,True,Frutas Y Verduras,Verduras,600 Gr,UNKNOWN,LOCAL,2799.0,2799.0,,1.0,True,keep_imputed,no_category_detected [precio_usd fuera de rango 1–20],3.705,3.705,median_category_country
267,1,Desconocido,UNKNOWN,6,papa,sin_categoria,True,Frutas Y Verduras,Verduras,300 Gr,UNKNOWN,LOCAL,2999.0,2999.0,,1.0,True,keep_imputed,no_category_detected [precio_usd fuera de rango 1–20],3.705,3.705,median_category_country
268,2,Chedraui,MX,19,harina de trigo,harina de trigo,False,Harinas y reposteria,San Blas,500g,MX,LOCAL,2902.4,155.8757,,18.62,True,keep_imputed,price_parse_failed;price<=0 [precio_usd fuera de rango 1–20],,2.885,global_median
269,2,Chedraui,MX,3,pan,sin_categoria,True,Harinas y reposteria,Harina Chedraui Trigo 1Kg,1Kg,MX,LOCAL,66.32,3.5617,3.5617,18.62,True,keep_imputed,no_category_detected;price_parse_failed,2.4705,3.5617,median_category_country
270,2,Chedraui,MX,19,harina de trigo,harina de trigo,False,Harinas y reposteria,La Moderna,1kg,MX,LOCAL,2902.4,155.8757,,18.62,True,keep_imputed,price_parse_failed;price<=0 [precio_usd fuera de rango 1–20],,2.885,global_median
271,2,Chedraui,MX,19,harina de trigo,harina de trigo,False,Harinas y reposteria,Sol de Oro,1kg,MX,LOCAL,2902.4,155.8757,,18.62,True,keep_imputed,price_parse_failed;price<=0 [precio_usd fuera de rango 1–20],,2.885,global_median
272,7,Desconocido,AR,5,leche,sin_categoria,True,"Hola, Limpía tú cache",IR AL PAGO,1 Lt,AR,LOCAL,1.2,0.001,,1255.0,True,keep_imputed,no_category_detected [precio_usd fuera de rango 1–20],,2.885,global_median
273,7,Desconocido,AR,17,leche,leche,False,"Hola, Limpía tú cache",¿Quéres terminar tu compra?,560 Gr,AR,LOCAL,5.01,0.004,,1255.0,True,keep,heuristic_default [precio_usd fuera de rango 1–20],,2.885,global_median
274,7,Desconocido,AR,5,leche,sin_categoria,True,"Hola, Limpía tú cache",¿Quéres terminar tu compra?,1 Kg,AR,LOCAL,1.3,0.001,,1255.0,True,keep_imputed,no_category_detected [precio_usd fuera de rango 1–20],,2.885,global_median
275,7,Desconocido,AR,5,leche,sin_categoria,True,"Hola, Limpía tú cache",¿Quéres terminar tu compra?,500 Gr,AR,LOCAL,500.0,0.3984,,1255.0,True,keep_imputed,no_category_detected [precio_usd fuera de rango 1–20],,2.885,global_median
276,7,Desconocido,AR,5,leche,sin_categoria,True,"Hola, Limpía tú cache",¿Quéres terminar tu compra?,"1,5 Lt",AR,LOCAL,800.0,0.6375,,1255.0,True,keep_imputed,no_category_detected [precio_usd fuera de rango 1–20],,2.885,global_median
277,1,Desconocido,UNKNOWN,3,pan,sin_categoria,True,Horarios de entrega,LISTA,400 GR,UNKNOWN,LOCAL,234.19,234.1938,,1.0,True,keep_imputed,no_category_detected;price_parse_failed [precio_usd fuera de rango 1–20],3.705,3.705,median_category_country
278,1,Desconocido,UNKNOWN,6,papa,sin_categoria,True,Horarios de entrega,LISTA,1.5LT,UNKNOWN,LOCAL,100.0,100.0,,1.0,True,keep_imputed,no_category_detected [precio_usd fuera de rango 1–20],3.705,3.705,median_category_country
279,1,Desconocido,UNKNOWN,3,pan,sin_categoria,True,Horarios de entrega,LISTA,400 GRAMOS,UNKNOWN,LOCAL,400.0,400.0,,1.0,True,keep_imputed,no_category_detected [precio_usd fuera de rango 1–20],3.705,3.705,median_category_country
280,1,Desconocido,UNKNOWN,3,pan,sin_categoria,True,Horarios de entrega,LISTA,85 GRAMOS,UNKNOWN,LOCAL,234.19,234.1938,,1.0,True,keep_imputed,no_category_detected;price_parse_failed [precio_usd fuera de rango 1–20],3.705,3.705,median_category_country
281,1,Desconocido,UNKNOWN,18,huevo,huevo,False,Huevos Blanco,Descripción del producto,500 Gr,UNKNOWN,LOCAL,4241.5,4241.5,,1.0,True,keep_imputed,heuristic_default [precio_usd fuera de rango 1–20],5.19,5.19,median_category_country
283,1,Desconocido,UNKNOWN,18,huevo,huevo,False,Huevos Color,Descripción del producto,500 Gr,UNKNOWN,LOCAL,1596.0,1596.0,,1.0,True,keep_imputed,heuristic_default [precio_usd fuera de rango 1–20],5.19,5.19,median_category_country
285,1,Desconocido,UNKNOWN,18,huevo,huevo,False,la herradura,Huevo primera color,NaN,UNKNOWN,LOCAL,234.19,234.1938,,1.0,True,keep_imputed,price_parse_failed [precio_usd fuera de rango 1–20],5.19,5.19,median_category_country
289,2,Chedraui,MX,18,huevo,huevo,False,Lacteos y huevo,Huevos,30 Piezas,MX,LOCAL,66.32,3.5617,3.5617,18.62,True,keep_imputed,price_parse_failed,4.99195,3.5617,median_category_country
290,1,Desconocido,UNKNOWN,17,leche,leche,False,LECHE EQUILIBRIO TETRAPAK UHTLATTI 900ML,Unidades disponibles,900ML,UNKNOWN,LOCAL,900.0,900.0,,1.0,True,keep,heuristic_default [precio_usd fuera de rango 1–20],1.11,1.11,median_category_country
292,4,Desconocido,US,17,leche,leche,False,LECHE PARMALAT 900 ML ENTERA,Comparar,900 ML,US,LOCAL,0.99,0.99,,1.0,True,keep,heuristic_default [precio_usd fuera de rango 1–20],1.42,1.42,median_category_country
294,1,Desconocido,UNKNOWN,17,leche,leche,False,Leches Frescas,Leches Enteras,NaN,UNKNOWN,LOCAL,428.01,428.0052,,1.0,True,keep_imputed,price_parse_failed;price<=0 [precio_usd fuera de rango 1–20],1.11,1.11,median_category_country
295,1,Desconocido,UNKNOWN,17,leche,leche,False,Leches Larga Vida,Leches Enteras,1l,UNKNOWN,LOCAL,1911.0,1911.0,,1.0,True,keep,heuristic_default [precio_usd fuera de rango 1–20],1.11,1.11,median_category_country
297,1,Desconocido,UNKNOWN,17,leche,leche,False,"Lácteos, refrigerados y huevos",Leches líquidas,1 Litro,UNKNOWN,LOCAL,970.0,970.0,,1.0,True,keep,heuristic_default [precio_usd fuera de rango 1–20],1.11,1.11,median_category_country
300,1,Desconocido,UNKNOWN,28,cebolla,sin_categoria,True,Massas e Molhos,Descripción del producto,500g,UNKNOWN,LOCAL,234.19,234.1938,,1.0,True,keep_imputed,no_category_detected;price_parse_failed [precio_usd fuera de rango 1–20],3.705,3.705,median_category_country
301,1,Desconocido,UNKNOWN,29,pasta seca,sin_categoria,True,Massas e Molhos,fideos,500g,UNKNOWN,LOCAL,234.19,234.1938,,1.0,True,keep_imputed,no_category_detected;price_parse_failed [precio_usd fuera de rango 1–20],3.705,3.705,median_category_country
304,1,Desconocido,UNKNOWN,15,pan,pan,False,Meu Desconto,Blog do Pão,1kg,UNKNOWN,LOCAL,50.0,50.0,,1.0,True,keep,heuristic_default [precio_usd fuera de rango 1–20],2.49,2.49,median_category_country
306,3,Desconocido,BR,15,pan,pan,False,Meu Desconto,Blog do Pão,500g,BR,LOCAL,4.89,0.8976,,5.448,True,keep,heuristic_default [precio_usd fuera de rango 1–20],1.5767,1.5767,median_category_country
310,1,Desconocido,UNKNOWN,15,pan,pan,False,Meu Desconto,Blog do Pão,400g,UNKNOWN,LOCAL,400.0,400.0,,1.0,True,keep,heuristic_default [precio_usd fuera de rango 1–20],2.49,2.49,median_category_country
312,3,Desconocido,BR,15,pan,pan,False,Meu Desconto,Blog do Pão,600ml,BR,LOCAL,4.49,0.8242,,5.448,True,keep,heuristic_default [precio_usd fuera de rango 1–20],1.5767,1.5767,median_category_country
318,3,Desconocido,BR,15,pan,pan,False,Meu Desconto,Blog do Pão,350ml,BR,LOCAL,5.29,0.971,,5.448,True,keep,heuristic_default [precio_usd fuera de rango 1–20],1.5767,1.5767,median_category_country
319,3,Desconocido,BR,15,pan,pan,False,Meu Desconto,Blog do Pão,269ml,BR,LOCAL,2.99,0.5488,,5.448,True,keep,heuristic_default [precio_usd fuera de rango 1–20],1.5767,1.5767,median_category_country
320,3,Desconocido,BR,3,pan,sin_categoria,True,Meu Desconto,Minha Lista,1kg,BR,LOCAL,5.09,0.9343,,5.448,True,keep_imputed,no_category_detected [precio_usd fuera de rango 1–20],1.9805,1.9805,median_category_country
327,1,Desconocido,UNKNOWN,3,pan,sin_categoria,True,Meu Desconto,Minha Lista,400g,UNKNOWN,LOCAL,400.0,400.0,,1.0,True,keep_imputed,no_category_detected [precio_usd fuera de rango 1–20],3.705,3.705,median_category_country
329,3,Desconocido,BR,3,pan,sin_categoria,True,Meu Desconto,Minha Lista,600ml,BR,LOCAL,5.39,0.9894,,5.448,True,keep_imputed,no_category_detected [precio_usd fuera de rango 1–20],1.9805,1.9805,median_category_country
331,3,Desconocido,BR,3,pan,sin_categoria,True,Meu Desconto,Minha Lista,1L,BR,LOCAL,4.99,0.9159,,5.448,True,keep_imputed,no_category_detected [precio_usd fuera de rango 1–20],1.9805,1.9805,median_category_country
332,3,Desconocido,BR,3,pan,sin_categoria,True,Meu Desconto,Minha Lista,1 Litro,BR,LOCAL,4.69,0.8609,,5.448,True,keep_imputed,no_category_detected [precio_usd fuera de rango 1–20],1.9805,1.9805,median_category_country
333,3,Desconocido,BR,3,pan,sin_categoria,True,Meu Desconto,Minha Lista,350ml,BR,LOCAL,3.79,0.6957,,5.448,True,keep_imputed,no_category_detected [precio_usd fuera de rango 1–20],1.9805,1.9805,median_category_country
335,3,Desconocido,BR,3,pan,sin_categoria,True,Meu Desconto,Minha Lista,269ml,BR,LOCAL,3.19,0.5855,,5.448,True,keep_imputed,no_category_detected [precio_usd fuera de rango 1–20],1.9805,1.9805,median_category_country
342,3,Desconocido,BR,3,pan,sin_categoria,True,Meu Desconto,Minha Lista,200ml,BR,LOCAL,1.89,0.3469,,5.448,True,keep_imputed,no_category_detected [precio_usd fuera de rango 1–20],1.9805,1.9805,median_category_country
345,3,Desconocido,BR,3,pan,sin_categoria,True,Meu Desconto,Minha Lista,1l,BR,LOCAL,4.49,0.8242,,5.448,True,keep_imputed,no_category_detected [precio_usd fuera de rango 1–20],1.9805,1.9805,median_category_country
354,3,Desconocido,BR,3,pan,sin_categoria,True,Padaria e Matinais,Leites,1 L,BR,LOCAL,4.79,0.8792,,5.448,True,keep_imputed,no_category_detected [precio_usd fuera de rango 1–20],1.9805,1.9805,median_category_country
356,3,Desconocido,BR,3,pan,sin_categoria,True,Padaria e Matinais,Leites,1 Litro,BR,LOCAL,5.15,0.9453,,5.448,True,keep_imputed,no_category_detected [precio_usd fuera de rango 1–20],1.9805,1.9805,median_category_country
357,1,Desconocido,UNKNOWN,15,pan,pan,False,Padaria e Matinais,Panes y Torradas,450g,UNKNOWN,LOCAL,44.23,44.2339,,1.0,True,keep_imputed,price_parse_failed;price<=0 [precio_usd fuera de rango 1–20],2.49,2.49,median_category_country
358,1,Desconocido,UNKNOWN,3,pan,sin_categoria,True,Padaria e Matinais,Leites,1 Litro,UNKNOWN,LOCAL,234.19,234.1938,,1.0,True,keep_imputed,no_category_detected;price_parse_failed [precio_usd fuera de rango 1–20],3.705,3.705,median_category_country
359,1,Desconocido,UNKNOWN,3,pan,sin_categoria,True,Padaria e Matinais,Leites,1 L,UNKNOWN,LOCAL,234.19,234.1938,,1.0,True,keep_imputed,no_category_detected;price_parse_failed [precio_usd fuera de rango 1–20],3.705,3.705,median_category_country
360,1,Desconocido,UNKNOWN,3,pan,sin_categoria,True,Padaria e Matinais,Leites,1L,UNKNOWN,LOCAL,234.19,234.1938,,1.0,True,keep_imputed,no_category_detected;price_parse_failed [precio_usd fuera de rango 1–20],3.705,3.705,median_category_country
364,1,Desconocido,UNKNOWN,17,leche,leche,False,PAN TAJADO MANTEQUILLA 450G,Unidades disponibles,450G,UNKNOWN,LOCAL,450.0,450.0,,1.0,True,keep,heuristic_default [precio_usd fuera de rango 1–20],1.11,1.11,median_category_country
365,1,Desconocido,UNKNOWN,15,pan,pan,False,PAN TAJADO MULTIGRANOS 450 G,Unidades disponibles,450 G,UNKNOWN,LOCAL,450.0,450.0,,1.0,True,keep,heuristic_default [precio_usd fuera de rango 1–20],2.49,2.49,median_category_country
366,1,Desconocido,UNKNOWN,15,pan,pan,False,PAN VITAL FRUTICEREAL 500 G,Unidades disponibles,500 G,UNKNOWN,LOCAL,500.0,500.0,,1.0,True,keep,heuristic_default [precio_usd fuera de rango 1–20],2.49,2.49,median_category_country
367,1,Desconocido,UNKNOWN,5,leche,sin_categoria,True,Panaderia Propia,Panificados,550g,UNKNOWN,LOCAL,600.0,600.0,,1.0,True,keep_imputed,no_category_detected [precio_usd fuera de rango 1–20],3.705,3.705,median_category_country
368,2,Chedraui,MX,15,pan,pan,False,Panaderia y tortilleria,Pan salado,675g,MX,LOCAL,72.0,3.8668,3.8668,18.62,True,keep_imputed,price_parse_failed;price<=0,3.8668,3.8668,median_category_country
376,1,Desconocido,UNKNOWN,15,pan,pan,False,Panadería y repostería,Pan,800 g,UNKNOWN,LOCAL,44.23,44.2339,,1.0,True,keep_imputed,price_parse_failed;price<=0 [precio_usd fuera de rango 1–20],2.49,2.49,median_category_country
378,1,Desconocido,UNKNOWN,16,papa,papa,False,PAPA AIRFRYER MCCAIN X 500G,Unidades disponibles,500G,UNKNOWN,LOCAL,500.0,500.0,,1.0,True,keep,heuristic_default [precio_usd fuera de rango 1–20],2.19,2.19,median_category_country
379,1,Desconocido,UNKNOWN,12,cebolla,cebolla,False,PAPA CAPIRA X 2500 G,Unidades disponibles,2500 G,UNKNOWN,LOCAL,2500.0,2500.0,,1.0,True,keep,heuristic_default [precio_usd fuera de rango 1–20],1.69,1.69,median_category_country
380,1,Desconocido,UNKNOWN,27,pasta seca,pasta seca,False,"Pasta Seca, Lista Y Rellenas",Pastas Secas,500g,UNKNOWN,LOCAL,975.0,975.0,,1.0,True,keep,heuristic_default [precio_usd fuera de rango 1–20],,2.885,global_median
381,1,Desconocido,UNKNOWN,27,pasta seca,pasta seca,False,"Pasta Seca, Lista Y Rellenas",Pastas Secas,500 GR,UNKNOWN,LOCAL,4088.5,4088.5,,1.0,True,keep,heuristic_default [precio_usd fuera de rango 1–20],,2.885,global_median
382,1,Desconocido,UNKNOWN,27,pasta seca,pasta seca,False,"Pasta Seca, Lista Y Rellenas",Pastas Secas,500 Gr,UNKNOWN,LOCAL,4224.35,4224.35,,1.0,True,keep,heuristic_default [precio_usd fuera de rango 1–20],,2.885,global_median
383,1,Desconocido,UNKNOWN,8,huevo,sin_categoria,True,Pasta spaghetti integral,400 g,400 g,UNKNOWN,LOCAL,950.0,950.0,,1.0,True,keep_imputed,no_category_detected [precio_usd fuera de rango 1–20],3.705,3.705,median_category_country
384,1,Desconocido,UNKNOWN,8,huevo,sin_categoria,True,Pasta spaghetti n°5,400 g,400 g,UNKNOWN,LOCAL,470.0,470.0,,1.0,True,keep_imputed,no_category_detected [precio_usd fuera de rango 1–20],3.705,3.705,median_category_country
386,1,Desconocido,UNKNOWN,30,pollo entero,sin_categoria,True,Pechuga deshuesada de pollo co...,4.5 Kg,4.5 Kg,UNKNOWN,LOCAL,234.19,234.1938,,1.0,True,keep_imputed,no_category_detected;price_parse_failed [precio_usd fuera de rango 1–20],3.705,3.705,median_category_country
393,1,Desconocido,UNKNOWN,17,leche,leche,False,QUESITO ALPINA 185 G,Unidades disponibles,185 G,UNKNOWN,LOCAL,185.0,185.0,,1.0,True,keep,heuristic_default [precio_usd fuera de rango 1–20],1.11,1.11,median_category_country
394,4,Desconocido,US,23,cerveza,sin_categoria,True,QUESO FRESCO LUCILITA 250 G,Comparar,250 G,US,LOCAL,250.0,250.0,,1.0,True,keep_imputed,no_category_detected [precio_usd fuera de rango 1–20],12.0,12.0,median_category_country
395,4,Desconocido,US,23,cerveza,sin_categoria,True,QUESO FRESCO NANDITO 500 G,Comparar,500 G,US,LOCAL,500.0,500.0,,1.0,True,keep_imputed,no_category_detected [precio_usd fuera de rango 1–20],12.0,12.0,median_category_country
396,4,Desconocido,US,23,cerveza,sin_categoria,True,QUESO FRESCO REYQUESO 700 G,Comparar,700 G,US,LOCAL,700.0,700.0,,1.0,True,keep_imputed,no_category_detected [precio_usd fuera de rango 1–20],12.0,12.0,median_category_country
398,1,Desconocido,UNKNOWN,8,huevo,sin_categoria,True,Quesos Blandos,Queso Muzzarella,500g,UNKNOWN,LOCAL,500.0,500.0,,1.0,True,keep_imputed,no_category_detected [precio_usd fuera de rango 1–20],3.705,3.705,median_category_country
399,1,Desconocido,UNKNOWN,8,huevo,sin_categoria,True,Quesos Blandos,Queso Cremoso,500g,UNKNOWN,LOCAL,8999.0,8999.0,,1.0,True,keep_imputed,no_category_detected [precio_usd fuera de rango 1–20],3.705,3.705,median_category_country
400,1,Desconocido,UNKNOWN,5,leche,sin_categoria,True,Quesos Blandos,Queso Muzzarella,170g,UNKNOWN,LOCAL,170.0,170.0,,1.0,True,keep_imputed,no_category_detected [precio_usd fuera de rango 1–20],3.705,3.705,median_category_country
403,1,Desconocido,UNKNOWN,15,pan,pan,False,Resultados de búsqueda para: 'pan molde mas ahorro 550 g 259789000',Ver como,550 g,UNKNOWN,LOCAL,0.78,0.78,,1.0,True,keep,heuristic_default [precio_usd fuera de rango 1–20],2.49,2.49,median_category_country
405,1,Desconocido,UNKNOWN,3,pan,sin_categoria,True,Resultados de búsqueda para: 'queso cremoso toni 500 g 270558000',Ver como,500 g,UNKNOWN,LOCAL,600.0,600.0,,1.0,True,keep_imputed,no_category_detected [precio_usd fuera de rango 1–20],3.705,3.705,median_category_country
409,1,Desconocido,UNKNOWN,16,papa,papa,False,Saltar menú Cenco,Frutas y Verduras Propias,2 kg,UNKNOWN,LOCAL,495.0,495.0,,1.0,True,keep,heuristic_default [precio_usd fuera de rango 1–20],2.19,2.19,median_category_country
411,1,Desconocido,UNKNOWN,6,papa,sin_categoria,True,Saltar menú Cenco,Frutas y verduras,NaN,UNKNOWN,LOCAL,234.19,234.1938,,1.0,True,keep_imputed,no_category_detected;price_parse_failed [precio_usd fuera de rango 1–20],3.705,3.705,median_category_country
415,1,Desconocido,UNKNOWN,31,banano,banano,False,Saltar menú Cenco,Frutas y Verduras Propias,NaN,UNKNOWN,LOCAL,995.0,995.0,,1.0,True,keep,heuristic_default [precio_usd fuera de rango 1–20],1.145,1.145,median_category_country
425,1,Desconocido,UNKNOWN,8,huevo,sin_categoria,True,Seja Bem Vindo à Plaza Vea,que podemos ofrecer.,NaN,UNKNOWN,LOCAL,234.19,234.1938,,1.0,True,keep_imputed,no_category_detected;price_parse_failed [precio_usd fuera de rango 1–20],3.705,3.705,median_category_country
428,6,Desconocido,PE,8,huevo,sin_categoria,True,Seja Bem Vindo à Plaza Vea,Abarrotes,49Kg,PE,LOCAL,174.0,49.0141,,3.55,True,keep_imputed,no_category_detected [precio_usd fuera de rango 1–20],4.7662,4.7662,median_category_country
429,6,Desconocido,PE,4,aceite vegetal,sin_categoria,True,Seja Bem Vindo à Plaza Vea,Abarrotes,49kg,PE,LOCAL,210.0,59.1549,,3.55,True,keep_imputed,no_category_detected [precio_usd fuera de rango 1–20],4.7662,4.7662,median_category_country
451,5,Desconocido,CO,2,cafe,sin_categoria,True,Selecciona tu,Método de envío,500 G,CO,LOCAL,97.32,0.024,,4047.0,True,keep_imputed,price_parse_failed;price<=0 [precio_usd fuera de rango 1–20],,2.885,global_median
452,5,Desconocido,CO,15,pan,pan,False,Selecciona tu,Método de envío,540 G,CO,LOCAL,97.32,0.024,,4047.0,True,keep_imputed,price_parse_failed;price<=0 [precio_usd fuera de rango 1–20],,2.885,global_median
453,5,Desconocido,CO,14,cafe,cafe,False,Selecciona tu,Método de envío,450 G,CO,LOCAL,97.32,0.024,,4047.0,True,keep_imputed,price_parse_failed;price<=0 [precio_usd fuera de rango 1–20],,2.885,global_median
454,5,Desconocido,CO,18,huevo,huevo,False,Selecciona tu,Método de envío,NaN,CO,LOCAL,100.78,0.0249,,4047.0,True,keep_imputed,no_category_detected;price_parse_failed [precio_usd fuera de rango 1–20],,2.885,global_median
455,5,Desconocido,CO,14,cafe,cafe,False,Selecciona tu,Método de envío,30 Unidades,CO,LOCAL,97.32,0.024,,4047.0,True,keep_imputed,price_parse_failed;price<=0 [precio_usd fuera de rango 1–20],,2.885,global_median
456,5,Desconocido,CO,14,cafe,cafe,False,Selecciona tu,Método de envío,1000 Ml,CO,LOCAL,400.0,0.0988,,4047.0,True,keep,heuristic_default [precio_usd fuera de rango 1–20],,2.885,global_median
457,5,Desconocido,CO,10,arroz,arroz,False,Selecciona tu,Método de envío,5 Kg,CO,LOCAL,97.32,0.024,,4047.0,True,keep_imputed,price_parse_failed;price<=0 [precio_usd fuera de rango 1–20],,2.885,global_median
458,5,Desconocido,CO,14,cafe,cafe,False,Selecciona tu,Método de envío,10 Kg,CO,LOCAL,97.32,0.024,,4047.0,True,keep_imputed,price_parse_failed;price<=0 [precio_usd fuera de rango 1–20],,2.885,global_median
459,5,Desconocido,CO,14,cafe,cafe,False,Selecciona tu,Método de envío,3 Kg,CO,LOCAL,97.32,0.024,,4047.0,True,keep_imputed,price_parse_failed;price<=0 [precio_usd fuera de rango 1–20],,2.885,global_median
460,5,Desconocido,CO,2,cafe,sin_categoria,True,Selecciona tu,Método de envío,12.5 KG,CO,LOCAL,100.78,0.0249,,4047.0,True,keep_imputed,no_category_detected;price_parse_failed [precio_usd fuera de rango 1–20],,2.885,global_median
461,5,Desconocido,CO,14,cafe,cafe,False,Selecciona tu,Método de envío,650 G,CO,LOCAL,250.0,0.0618,,4047.0,True,keep,heuristic_default [precio_usd fuera de rango 1–20],,2.885,global_median
462,5,Desconocido,CO,14,cafe,cafe,False,Selecciona tu,Método de envío,400 G,CO,LOCAL,97.32,0.024,,4047.0,True,keep_imputed,price_parse_failed;price<=0 [precio_usd fuera de rango 1–20],,2.885,global_median
463,5,Desconocido,CO,14,cafe,cafe,False,Selecciona tu,Método de envío,440 G,CO,LOCAL,97.32,0.024,,4047.0,True,keep_imputed,price_parse_failed;price<=0 [precio_usd fuera de rango 1–20],,2.885,global_median
464,5,Desconocido,CO,14,cafe,cafe,False,Selecciona tu,Método de envío,"1,1 Lt",CO,LOCAL,97.32,0.024,,4047.0,True,keep_imputed,price_parse_failed;price<=0 [precio_usd fuera de rango 1–20],,2.885,global_median
465,5,Desconocido,CO,2,cafe,sin_categoria,True,Selecciona tu,Método de envío,800 Ml,CO,LOCAL,100.78,0.0249,,4047.0,True,keep_imputed,no_category_detected;price_parse_failed [precio_usd fuera de rango 1–20],,2.885,global_median
466,5,Desconocido,CO,12,cebolla,cebolla,False,Selecciona tu,Método de envío,1 Kg,CO,LOCAL,604582.9,149.3904,,4047.0,True,keep_imputed,price_parse_failed;price<=0 [precio_usd fuera de rango 1–20],,2.885,global_median
467,5,Desconocido,CO,14,cafe,cafe,False,Selecciona tu,Método de envío,1000 Gramos,CO,LOCAL,2755946.3,680.985,,4047.0,True,keep_imputed,price_parse_failed;price<=0 [precio_usd fuera de rango 1–20],,2.885,global_median
468,5,Desconocido,CO,14,cafe,cafe,False,Selecciona tu,Método de envío,411 G,CO,LOCAL,97.32,0.024,,4047.0,True,keep_imputed,price_parse_failed;price<=0 [precio_usd fuera de rango 1–20],,2.885,global_median
469,5,Desconocido,CO,14,cafe,cafe,False,Selecciona tu,Método de envío,"2,5 Kg",CO,LOCAL,97.32,0.024,,4047.0,True,keep_imputed,price_parse_failed;price<=0 [precio_usd fuera de rango 1–20],,2.885,global_median
470,5,Desconocido,CO,14,cafe,cafe,False,Selecciona tu,Método de envío,1000 G,CO,LOCAL,97.32,0.024,,4047.0,True,keep_imputed,price_parse_failed;price<=0 [precio_usd fuera de rango 1–20],,2.885,global_median
471,5,Desconocido,CO,14,cafe,cafe,False,Selecciona tu,Método de envío,375 G,CO,LOCAL,375.0,0.0927,,4047.0,True,keep,heuristic_default [precio_usd fuera de rango 1–20],,2.885,global_median
472,5,Desconocido,CO,2,cafe,sin_categoria,True,Selecciona tu,Método de envío,210gr,CO,LOCAL,210.0,0.0519,,4047.0,True,keep_imputed,no_category_detected [precio_usd fuera de rango 1–20],,2.885,global_median
473,5,Desconocido,CO,14,cafe,cafe,False,Selecciona tu,Método de envío,200 G,CO,LOCAL,200.0,0.0494,,4047.0,True,keep,heuristic_default [precio_usd fuera de rango 1–20],,2.885,global_median
503,1,Desconocido,UNKNOWN,12,cebolla,cebolla,False,TOMATE CHONTO X 1000 G,Unidades disponibles,1000 G,UNKNOWN,LOCAL,1000.0,1000.0,,1.0,True,keep,heuristic_default [precio_usd fuera de rango 1–20],1.69,1.69,median_category_country
504,1,Desconocido,UNKNOWN,13,azucar,azucar,False,TOMATES SECOS AINOA 180 G,Unidades disponibles,180 G,UNKNOWN,LOCAL,100.0,100.0,,1.0,True,keep,heuristic_default [precio_usd fuera de rango 1–20],2.77,2.77,median_category_country
506,1,Desconocido,UNKNOWN,17,leche,leche,False,Valoramos tu privacidad,Personalizar,1L,UNKNOWN,LOCAL,0.44,0.44,,1.0,True,keep_imputed,no_category_detected [precio_usd fuera de rango 1–20],1.11,1.11,median_category_country
507,1,Desconocido,UNKNOWN,20,arroz,sin_categoria,True,Valoramos tu privacidad,Personalizar,NaN,UNKNOWN,LOCAL,234.19,234.1938,,1.0,True,keep_imputed,no_category_detected;price_parse_failed [precio_usd fuera de rango 1–20],3.705,3.705,median_category_country
509,1,Desconocido,UNKNOWN,15,pan,pan,False,Valoramos tu privacidad,Personalizar,450g,UNKNOWN,LOCAL,0.99,0.99,,1.0,True,keep,heuristic_default [precio_usd fuera de rango 1–20],2.49,2.49,median_category_country
514,1,Desconocido,UNKNOWN,20,arroz,sin_categoria,True,Valoramos tu privacidad,Personalizar,2L,UNKNOWN,LOCAL,0.92,0.92,,1.0,True,keep_imputed,no_category_detected [precio_usd fuera de rango 1–20],3.705,3.705,median_category_country
515,1,Desconocido,UNKNOWN,13,azucar,azucar,False,Valoramos tu privacidad,Personalizar,226g,UNKNOWN,LOCAL,226.0,226.0,,1.0,True,keep,heuristic_default [precio_usd fuera de rango 1–20],2.77,2.77,median_category_country
516,1,Desconocido,UNKNOWN,10,arroz,arroz,False,Valoramos tu privacidad,Personalizar,100Lb,UNKNOWN,LOCAL,43.45,43.45,,1.0,True,keep,heuristic_default [precio_usd fuera de rango 1–20],1.59,1.59,median_category_country
517,1,Desconocido,UNKNOWN,10,arroz,arroz,False,Valoramos tu privacidad,Personalizar,100lb,UNKNOWN,LOCAL,41.59,41.59,,1.0,True,keep,heuristic_default [precio_usd fuera de rango 1–20],1.59,1.59,median_category_country
523,1,Desconocido,UNKNOWN,13,azucar,azucar,False,Valoramos tu privacidad,Personalizar,1 kg,UNKNOWN,LOCAL,0.99,0.99,,1.0,True,keep,heuristic_default [precio_usd fuera de rango 1–20],2.77,2.77,median_category_country
525,1,Desconocido,UNKNOWN,6,papa,sin_categoria,True,Verificar que usted es un ser humano. Esto podría tardar algunos segundos.,Verificación exitosa,NaN,UNKNOWN,LOCAL,234.19,234.1938,,1.0,True,keep_imputed,no_category_detected;price_parse_failed [precio_usd fuera de rango 1–20],3.705,3.705,median_category_country
526,6,Desconocido,PE,1,azucar,sin_categoria,True,¡Aún no eres Wong Prime!,Aprovecha el,5 Kg,PE,LOCAL,79.9,22.507,,3.55,True,keep_imputed,no_category_detected [precio_usd fuera de rango 1–20],4.7662,4.7662,median_category_country
527,6,Desconocido,PE,10,arroz,arroz,False,¡Aún no eres Wong Prime!,Aprovecha el,5 kg,PE,LOCAL,79.9,22.507,,3.55,True,keep,heuristic_default [precio_usd fuera de rango 1–20],,2.885,global_median
528,6,Desconocido,PE,10,arroz,arroz,False,¡Aún no eres Wong Prime!,Aprovecha el,5kg,PE,LOCAL,79.9,22.507,,3.55,True,keep,heuristic_default [precio_usd fuera de rango 1–20],,2.885,global_median
529,6,Desconocido,PE,32,pollo entero,pollo entero,False,¡Aún no eres Wong Prime!,Aprovecha el,NaN,PE,LOCAL,79.9,22.507,,3.55,True,keep_imputed,no_category_detected [precio_usd fuera de rango 1–20],,2.885,global_median
530,6,Desconocido,PE,13,azucar,azucar,False,¡Aún no eres Wong Prime!,Aprovecha el,800 g,PE,LOCAL,79.9,22.507,,3.55,True,keep,heuristic_default [precio_usd fuera de rango 1–20],4.059150000000001,4.059150000000001,median_category_country
531,6,Desconocido,PE,14,cafe,cafe,False,¡Aún no eres Wong Prime!,Aprovecha el,900g,PE,LOCAL,79.9,22.507,,3.55,True,keep,heuristic_default [precio_usd fuera de rango 1–20],7.8592,7.8592,median_category_country
532,6,Desconocido,PE,14,cafe,cafe,False,¡Aún no eres Wong Prime!,Aprovecha el,500g,PE,LOCAL,79.9,22.507,,3.55,True,keep,heuristic_default [precio_usd fuera de rango 1–20],7.8592,7.8592,median_category_country
533,6,Desconocido,PE,7,aceite vegetal,aceite vegetal,False,¡Aún no eres Wong Prime!,Aprovecha el,1.8L,PE,LOCAL,79.9,22.507,,3.55,True,keep,heuristic_default [precio_usd fuera de rango 1–20],,2.885,global_median
534,6,Desconocido,PE,1,azucar,sin_categoria,True,¡Aún no eres Wong Prime!,Aprovecha el,1 Litro,PE,LOCAL,79.9,22.507,,3.55,True,keep_imputed,no_category_detected [precio_usd fuera de rango 1–20],4.7662,4.7662,median_category_country
535,6,Desconocido,PE,21,atun,sin_categoria,True,¡Aún no eres Wong Prime!,Aprovecha el,1L,PE,LOCAL,79.9,22.507,,3.55,True,keep_imputed,no_category_detected [precio_usd fuera de rango 1–20],4.7662,4.7662,median_category_country
536,6,Desconocido,PE,4,aceite vegetal,sin_categoria,True,¡Aún no eres Wong Prime!,Aprovecha el,750ml,PE,LOCAL,79.9,22.507,,3.55,True,keep_imputed,no_category_detected [precio_usd fuera de rango 1–20],4.7662,4.7662,median_category_country
537,6,Desconocido,PE,13,azucar,azucar,False,¡Aún no eres Wong Prime!,Aprovecha el,946ml,PE,LOCAL,79.9,22.507,,3.55,True,keep,heuristic_default [precio_usd fuera de rango 1–20],4.059150000000001,4.059150000000001,median_category_country
538,6,Desconocido,PE,17,leche,leche,False,¡Aún no eres Wong Prime!,Aprovecha el,900ml,PE,LOCAL,79.9,22.507,,3.55,True,keep,heuristic_default [precio_usd fuera de rango 1–20],3.0704,3.0704,median_category_country
539,6,Desconocido,PE,13,azucar,azucar,False,¡Aún no eres Wong Prime!,Aprovecha el,950 ml,PE,LOCAL,79.9,22.507,,3.55,True,keep,heuristic_default [precio_usd fuera de rango 1–20],4.059150000000001,4.059150000000001,median_category_country
540,6,Desconocido,PE,17,leche,leche,False,¡Aún no eres Wong Prime!,Aprovecha el,800ml,PE,LOCAL,79.9,22.507,,3.55,True,keep,heuristic_default [precio_usd fuera de rango 1–20],3.0704,3.0704,median_category_country
541,6,Desconocido,PE,7,aceite vegetal,aceite vegetal,False,¡Aún no eres Wong Prime!,Aprovecha el,30 unidades,PE,LOCAL,79.9,22.507,,3.55,True,keep,heuristic_default [precio_usd fuera de rango 1–20],,2.885,global_median
542,6,Desconocido,PE,18,huevo,huevo,False,¡Aún no eres Wong Prime!,Aprovecha el,15 unidades,PE,LOCAL,79.9,22.507,,3.55,True,keep_imputed,heuristic_default [precio_usd fuera de rango 1–20],4.1549499999999995,4.1549499999999995,median_category_country
543,6,Desconocido,PE,13,azucar,azucar,False,¡Aún no eres Wong Prime!,Aprovecha el,2 kg,PE,LOCAL,79.9,22.507,,3.55,True,keep,heuristic_default [precio_usd fuera de rango 1–20],4.059150000000001,4.059150000000001,median_category_country
544,6,Desconocido,PE,13,azucar,azucar,False,¡Aún no eres Wong Prime!,Aprovecha el,1kg,PE,LOCAL,79.9,22.507,,3.55,True,keep,heuristic_default [precio_usd fuera de rango 1–20],4.059150000000001,4.059150000000001,median_category_country
545,6,Desconocido,PE,13,azucar,azucar,False,¡Aún no eres Wong Prime!,Aprovecha el,770g,PE,LOCAL,79.9,22.507,,3.55,True,keep,heuristic_default [precio_usd fuera de rango 1–20],4.059150000000001,4.059150000000001,median_category_country
546,6,Desconocido,PE,17,leche,leche,False,¡Aún no eres Wong Prime!,Aprovecha el,360 g,PE,LOCAL,79.9,22.507,,3.55,True,keep,heuristic_default [precio_usd fuera de rango 1–20],3.0704,3.0704,median_category_country
547,6,Desconocido,PE,13,azucar,azucar,False,¡Aún no eres Wong Prime!,Aprovecha el,300g,PE,LOCAL,79.9,22.507,,3.55,True,keep,heuristic_default [precio_usd fuera de rango 1–20],4.059150000000001,4.059150000000001,median_category_country
548,6,Desconocido,PE,1,azucar,sin_categoria,True,¡Aún no eres Wong Prime!,Aprovecha el,400g,PE,LOCAL,79.9,22.507,,3.55,True,keep_imputed,no_category_detected [precio_usd fuera de rango 1–20],4.7662,4.7662,median_category_country
549,6,Desconocido,PE,15,pan,pan,False,¡Aún no eres Wong Prime!,Aprovecha el,560 g,PE,LOCAL,79.9,22.507,,3.55,True,keep,heuristic_default [precio_usd fuera de rango 1–20],4.6479,4.6479,median_category_country
550,6,Desconocido,PE,18,huevo,huevo,False,¡Aún no eres Wong Prime!,Aprovecha el,950g,PE,LOCAL,79.9,22.507,,3.55,True,keep,heuristic_default [precio_usd fuera de rango 1–20],4.1549499999999995,4.1549499999999995,median_category_country
551,6,Desconocido,PE,18,huevo,huevo,False,¡Aún no eres Wong Prime!,Aprovecha el,400 g,PE,LOCAL,79.9,22.507,,3.55,True,keep_imputed,heuristic_default [precio_usd fuera de rango 1–20],4.1549499999999995,4.1549499999999995,median_category_country
552,6,Desconocido,PE,1,azucar,sin_categoria,True,¡Aún no eres Wong Prime!,Aprovecha el,500 g,PE,LOCAL,79.9,22.507,,3.55,True,keep_imputed,no_category_detected [precio_usd fuera de rango 1–20],4.7662,4.7662,median_category_country
553,6,Desconocido,PE,24,atun,atun,False,¡Aún no eres Wong Prime!,Aprovecha el,150g,PE,LOCAL,79.9,22.507,,3.55,True,keep,heuristic_default [precio_usd fuera de rango 1–20],1.8028,1.8028,median_category_country
554,6,Desconocido,PE,1,azucar,sin_categoria,True,¡Aún no eres Wong Prime!,Aprovecha el,140g,PE,LOCAL,79.9,22.507,,3.55,True,keep,heuristic_default [precio_usd fuera de rango 1–20],4.7662,4.7662,median_category_country
555,1,Desconocido,UNKNOWN,24,atun,atun,False,¡Lo mejor te está esperando!,Descarga la app,2 Kg,UNKNOWN,LOCAL,74.9,74.9,,1.0,True,keep,heuristic_default [precio_usd fuera de rango 1–20],,2.885,global_median
556,1,Desconocido,UNKNOWN,10,arroz,arroz,False,¡Lo mejor te está esperando!,Descarga la app,907 G,UNKNOWN,LOCAL,23.9,23.9,,1.0,True,keep,heuristic_default [precio_usd fuera de rango 1–20],1.59,1.59,median_category_country
557,1,Desconocido,UNKNOWN,24,atun,atun,False,¡Lo mejor te está esperando!,Descarga la app,906 G,UNKNOWN,LOCAL,23.9,23.9,,1.0,True,keep,heuristic_default [precio_usd fuera de rango 1–20],,2.885,global_median
558,1,Desconocido,UNKNOWN,24,atun,atun,False,¡Lo mejor te está esperando!,Descarga la app,155 G,UNKNOWN,LOCAL,39.9,39.9,,1.0,True,keep,heuristic_default [precio_usd fuera de rango 1–20],,2.885,global_median
559,1,Desconocido,UNKNOWN,7,aceite vegetal,aceite vegetal,False,¡Lo mejor te está esperando!,Descarga la app,800 Ml,UNKNOWN,LOCAL,29.9,29.9,,1.0,True,keep,heuristic_default [precio_usd fuera de rango 1–20],3.99,3.99,median_category_country
560,1,Desconocido,UNKNOWN,7,aceite vegetal,aceite vegetal,False,¡Lo mejor te está esperando!,Descarga la app,400 Ml,UNKNOWN,LOCAL,25.9,25.9,,1.0,True,keep,heuristic_default [precio_usd fuera de rango 1–20],3.99,3.99,median_category_country
561,1,Desconocido,UNKNOWN,7,aceite vegetal,aceite vegetal,False,¡Lo mejor te está esperando!,Descarga la app,850 Ml,UNKNOWN,LOCAL,37.9,37.9,,1.0,True,keep,heuristic_default [precio_usd fuera de rango 1–20],3.99,3.99,median_category_country
562,1,Desconocido,UNKNOWN,5,leche,sin_categoria,True,¡Lo mejor te está esperando!,Descarga la app,NaN,UNKNOWN,LOCAL,234.19,234.1938,,1.0,True,keep_imputed,no_category_detected;price_parse_failed [precio_usd fuera de rango 1–20],3.705,3.705,median_category_country
563,1,Desconocido,UNKNOWN,17,leche,leche,False,¡Lo mejor te está esperando!,Descarga la app,1 Lt,UNKNOWN,LOCAL,30.9,30.9,,1.0,True,keep,heuristic_default [precio_usd fuera de rango 1–20],1.11,1.11,median_category_country
564,1,Desconocido,UNKNOWN,15,pan,pan,False,¡Lo mejor te está esperando!,Descarga la app,680 G,UNKNOWN,LOCAL,44.9,44.9,,1.0,True,keep,heuristic_default [precio_usd fuera de rango 1–20],2.49,2.49,median_category_country
565,1,Desconocido,UNKNOWN,15,pan,pan,False,¡Lo mejor te está esperando!,Descarga la app,624 G,UNKNOWN,LOCAL,62.9,62.9,,1.0,True,keep,heuristic_default [precio_usd fuera de rango 1–20],2.49,2.49,median_category_country
566,1,Desconocido,UNKNOWN,15,pan,pan,False,¡Lo mejor te está esperando!,Descarga la app,620 G,UNKNOWN,LOCAL,54.9,54.9,,1.0,True,keep,heuristic_default [precio_usd fuera de rango 1–20],2.49,2.49,median_category_country
567,1,Desconocido,UNKNOWN,13,azucar,azucar,False,¡Lo mejor te está esperando!,Descarga la app,1 Kg,UNKNOWN,LOCAL,21.9,21.9,,1.0,True,keep,heuristic_default [precio_usd fuera de rango 1–20],2.77,2.77,median_category_country
568,1,Desconocido,UNKNOWN,14,cafe,cafe,False,¡Lo mejor te está esperando!,Descarga la app,100 G,UNKNOWN,LOCAL,69.9,69.9,,1.0,True,keep,heuristic_default [precio_usd fuera de rango 1–20],6.2,6.2,median_category_country
569,1,Desconocido,UNKNOWN,14,cafe,cafe,False,¡Lo mejor te está esperando!,Descarga la app,200 G,UNKNOWN,LOCAL,149.9,149.9,,1.0,True,keep,heuristic_default [precio_usd fuera de rango 1–20],6.2,6.2,median_category_country
570,1,Desconocido,UNKNOWN,14,cafe,cafe,False,¡Lo mejor te está esperando!,Descarga la app,226 G,UNKNOWN,LOCAL,224.9,224.9,,1.0,True,keep,heuristic_default [precio_usd fuera de rango 1–20],6.2,6.2,median_category_country
571,1,Desconocido,UNKNOWN,14,cafe,cafe,False,¡Lo mejor te está esperando!,Descarga la app,250 Gr,UNKNOWN,LOCAL,114.9,114.9,,1.0,True,keep,heuristic_default [precio_usd fuera de rango 1–20],6.2,6.2,median_category_country
572,1,Desconocido,UNKNOWN,17,leche,leche,False,¡Lo mejor te está esperando!,Descarga la app,30 piezas,UNKNOWN,LOCAL,98.9,98.9,,1.0,True,keep,heuristic_default [precio_usd fuera de rango 1–20],1.11,1.11,median_category_country
573,1,Desconocido,UNKNOWN,17,leche,leche,False,¡Lo mejor te está esperando!,Descarga la app,30 unidades,UNKNOWN,LOCAL,91.9,91.9,,1.0,True,keep,heuristic_default [precio_usd fuera de rango 1–20],1.11,1.11,median_category_country
574,1,Desconocido,UNKNOWN,10,arroz,arroz,False,¡Lo mejor te está esperando!,Descarga la app,5 Lb,UNKNOWN,LOCAL,309.9,309.9,,1.0,True,keep,heuristic_default [precio_usd fuera de rango 1–20],1.59,1.59,median_category_country
575,1,Desconocido,UNKNOWN,16,papa,papa,False,¡Lo mejor te está esperando!,Descarga la app,1 kg,UNKNOWN,LOCAL,36.9,36.9,,1.0,True,keep,heuristic_default [precio_usd fuera de rango 1–20],2.19,2.19,median_category_country
591,8,Desconocido,MX,8,huevo,sin_categoria,True,¡Nueva tarjeta de crédito HEB Afirme!,Consigue la tuya aquí,1 Kg,MX,LOCAL,18.0,0.9667,,18.62,True,keep_imputed,no_category_detected [precio_usd fuera de rango 1–20],2.4705,2.4705,median_category_country
593,9,Desconocido,CR,8,huevo,sin_categoria,True,¿Cómo comprar?,Contáctanos al 800-8000-722,800 g,CR,LOCAL,1.7,0.0034,,503.8,True,keep_imputed,no_category_detected [precio_usd fuera de rango 1–20],,2.885,global_median
594,6,Desconocido,PE,10,arroz,arroz,False,¿Que buscas hoy?,Elegir,5kg,PE,LOCAL,3.0,0.8451,,3.55,True,keep,heuristic_default [precio_usd fuera de rango 1–20],,2.885,global_median
595,6,Desconocido,PE,8,huevo,sin_categoria,True,¿Que buscas hoy?,Elegir,5 kg,PE,LOCAL,55.14,15.5336,15.5336,3.55,True,keep_imputed,no_category_detected;price_parse_failed,4.7662,15.5336,median_category_country
596,6,Desconocido,PE,10,arroz,arroz,False,¿Que buscas hoy?,Elegir,NaN,PE,LOCAL,2.0,0.5634,,3.55,True,keep_imputed,no_category_detected [precio_usd fuera de rango 1–20],,2.885,global_median
600,6,Desconocido,PE,8,huevo,sin_categoria,True,¿Que buscas hoy?,Elegir,250g,PE,LOCAL,55.14,15.5336,15.5336,3.55,True,keep_imputed,no_category_detected;price_parse_failed,4.7662,15.5336,median_category_country
602,6,Desconocido,PE,24,atun,atun,False,¿Que buscas hoy?,Elegir,900ml,PE,LOCAL,3.0,0.8451,,3.55,True,keep,heuristic_default [precio_usd fuera de rango 1–20],1.8028,1.8028,median_category_country
603,6,Desconocido,PE,17,leche,leche,False,¿Que buscas hoy?,Elegir,946ml,PE,LOCAL,55.14,15.5336,15.5336,3.55,True,keep_imputed,no_category_detected;price_parse_failed,3.0704,15.5336,median_category_country
610,6,Desconocido,PE,17,leche,leche,False,¿Que buscas hoy?,Elegir,600 g,PE,LOCAL,600.0,169.0141,,3.55,True,keep,heuristic_default [precio_usd fuera de rango 1–20],3.0704,3.0704,median_category_country
613,6,Desconocido,PE,18,huevo,huevo,False,¿Que buscas hoy?,Elegir,500 g,PE,LOCAL,55.14,15.5336,15.5336,3.55,True,keep_imputed,price_parse_failed,4.1549499999999995,15.5336,median_category_country
614,6,Desconocido,PE,18,huevo,huevo,False,¿Que buscas hoy?,Elegir,1kg,PE,LOCAL,55.14,15.5336,15.5336,3.55,True,keep_imputed,price_parse_failed,4.1549499999999995,15.5336,median_category_country
617,2,Chedraui,MX,15,pan,pan,False,¿Qué estás buscando?,Tortilleria y pan empacados,620g,MX,LOCAL,72.0,3.8668,3.8668,18.62,True,keep_imputed,price_parse_failed;price<=0,3.8668,3.8668,median_category_country
618,2,Chedraui,MX,15,pan,pan,False,¿Qué estás buscando?,Tortilleria y pan empacados,567g,MX,LOCAL,72.0,3.8668,3.8668,18.62,True,keep_imputed,price_parse_failed;price<=0,3.8668,3.8668,median_category_country
619,2,Chedraui,MX,4,aceite vegetal,sin_categoria,True,¿Qué estás buscando?,Endulzantes,900g,MX,LOCAL,66.32,3.5617,3.5617,18.62,True,keep_imputed,no_category_detected;price_parse_failed,2.4705,3.5617,median_category_country
620,2,Chedraui,MX,18,huevo,huevo,False,¿Qué estás buscando?,Lacteos y huevo,30 Piezas,MX,LOCAL,66.32,3.5617,3.5617,18.62,True,keep_imputed,price_parse_failed,4.99195,3.5617,median_category_country
621,2,Chedraui,MX,19,harina de trigo,harina de trigo,False,¿Qué estás buscando?,Harinas y reposteria,1Kg,MX,LOCAL,2902.4,155.8757,,18.62,True,keep_imputed,price_parse_failed;price<=0 [precio_usd fuera de rango 1–20],,2.885,global_median
622,2,Chedraui,MX,7,aceite vegetal,aceite vegetal,False,¿Qué estás buscando?,Aceites y vinagres,170g,MX,LOCAL,33.3,1.7884,1.7884,18.62,True,keep_imputed,price_parse_failed;price<=0,1.8743,1.7884,median_category_country
623,1,Desconocido,UNKNOWN,8,huevo,sin_categoria,True,‎ ‎ ‎ ‎ ‎ ‎ ‎ ‎ ‎ ‎ ‎ ‎ ‎ ‎ ‎ ‎ ‎ ‎ ‎ ‎ ‎ ‎ ‎ ‎ ‎ ‎ ‎ ‎ ‎ ‎ ‎ ‎ ‎ ‎ ‎ ‎ ‎ ‎ ‎ ‎ ‎ ‎ ‎ ‎ ‎ ‎ ‎ ‎ ‎ ‎ ‎ ‎ ‎ ‎ ‎ ‎ ‎ ‎ ‎ ‎ ‎ ‎ ‎ ‎ ‎ ‎ ‎ ‎ ‎ ‎ Hazte Socio Diamante para disfrutar de ofertas y beneficios exclusivos.,📍,NaN,UNKNOWN,LOCAL,234.19,234.1938,,1.0,True,keep_imputed,no_category_detected;price_parse_failed [precio_usd fuera de rango 1–20],3.705,3.705,median_category_country
628,1,Desconocido,UNKNOWN,16,papa,papa,False,‎ ‎ ‎ ‎ ‎ ‎ ‎ ‎ ‎ ‎ ‎ ‎ ‎ ‎ ‎ ‎ ‎ ‎ ‎ ‎ ‎ ‎ ‎ ‎ ‎ ‎ ‎ ‎ ‎ ‎ ‎ ‎ ‎ ‎ ‎ ‎ ‎ ‎ ‎ ‎ ‎ ‎ ‎ ‎ ‎ ‎ ‎ ‎ ‎ ‎ ‎ ‎ ‎ ‎ ‎ ‎ ‎ ‎ ‎ ‎ ‎ ‎ ‎ ‎ ‎ ‎ ‎ ‎ ‎ ‎ Hazte Socio Diamante para disfrutar de ofertas y beneficios exclusivos.,📍,500 g,UNKNOWN,LOCAL,995.0,995.0,,1.0,True,keep,heuristic_default [precio_usd fuera de rango 1–20],2.19,2.19,median_category_country
637,1,Desconocido,UNKNOWN,18,huevo,huevo,False,‎ ‎ ‎ ‎ ‎ ‎ ‎ ‎ ‎ ‎ ‎ ‎ ‎ ‎ ‎ ‎ ‎ ‎ ‎ ‎ ‎ ‎ ‎ ‎ ‎ ‎ ‎ ‎ ‎ ‎ ‎ ‎ ‎ ‎ ‎ ‎ ‎ ‎ ‎ ‎ ‎ ‎ ‎ ‎ ‎ ‎ ‎ ‎ ‎ ‎ ‎ ‎ ‎ ‎ ‎ ‎ ‎ ‎ ‎ ‎ ‎ ‎ ‎ ‎ ‎ ‎ ‎ ‎ ‎ ‎ Hazte Socio Diamante para disfrutar de ofertas y beneficios exclusivos.,📍,400 g,UNKNOWN,LOCAL,480.0,480.0,,1.0,True,keep_imputed,heuristic_default [precio_usd fuera de rango 1–20],5.19,5.19,median_category_country
